-- Insert value into Division
INSERT INTO Division 
VALUES('Atlantic', 'Eastern');
INSERT INTO Division
VALUES('Southeast', 'Eastern');
INSERT INTO Division
VALUES('Central', 'Eastern');
INSERT INTO Division
VALUES('Pacific', 'Western');
INSERT INTO Division
VALUES('Northwest', 'Western');
INSERT INTO Division
VALUES('Southwest', 'Western');

-- Insert value into Team
INSERT INTO Team
VALUES('Hawks', 'Atlanta', 0);
INSERT INTO Team
VALUES('Raptors', 'Toronto', 0);
INSERT INTO Team
VALUES('Heat', 'Miami', 3);
INSERT INTO Team
VALUES('Cavaliers', 'Cleveland', 1);
INSERT INTO Team
VALUES('Celtics', 'Boston', 17);
INSERT INTO Team
VALUES('Hornets', 'Charlotte', 0);
INSERT INTO Team
VALUES('Pacers', 'Indiana', 0);
INSERT INTO Team
VALUES('Pistons', 'Detroit', 3);
INSERT INTO Team
VALUES('Bulls', 'Chicago', 6);
INSERT INTO Team
VALUES('Wizards', 'Washington', 1);
INSERT INTO Team
VALUES('Magic', 'Orlando', 0);
INSERT INTO Team
VALUES('Bucks', 'Milwaukee', 1);
INSERT INTO Team
VALUES('Knicks', 'New York', 2);
INSERT INTO Team
VALUES('Nets', 'Brooklyn', 0);
INSERT INTO Team
VALUES('76ers', 'Philadephia', 3);
INSERT INTO Team
VALUES('Warriors', 'Golden State', 4);
INSERT INTO Team
VALUES('Spurs', 'San Antonio', 5);
INSERT INTO Team
VALUES('Thunder', 'Oklahoma City', 1);
INSERT INTO Team
VALUES('Clippers', 'Los Angeles', 0);
INSERT INTO Team
VALUES('Trail Blazers', 'Portland', 1);
INSERT INTO Team
VALUES('Mavericks', 'Dallas', 0);
INSERT INTO Team
VALUES('Grizzlies', 'Memphis', 0);
INSERT INTO Team
VALUES('Rockets', 'Houston', 2);
INSERT INTO Team
VALUES('Jazz', 'Utah', 0);
INSERT INTO Team
VALUES('Kings', 'Sacarmento', 1);
INSERT INTO Team
VALUES('Nuggets', 'Denver', 0);
INSERT INTO Team
VALUES('Pelicans', 'New Orleans', 0);
INSERT INTO Team
VALUES('Timberwolves', 'Minnesota', 0);
INSERT INTO Team
VALUES('Suns', 'Phoenix', 0);
INSERT INTO Team
VALUES('Lakers', 'Los Angeles', 16);

-- Insert value into Player

INSERT INTO Player
VALUES('001','Kyrie Irving','Cavaliers','PG',190.00,193,'23-Mar-92',5,'US',14746000);
INSERT INTO Player
VALUES('002','Channing Frye','Cavaliers','C',211.00,255,'17-May-83',10,'US',7807579);
INSERT INTO Player
VALUES('003','Kyle Korver','Hawks','SG',201.00,212,'17-Mar-81',13,'US',5746479);
INSERT INTO Player
VALUES('004','Kevin Love','Cavaliers','PF',208.00,251,'7-Sep-88',8,'US',19500000);
INSERT INTO Player
VALUES('005','Iman Shumpert','Cavaliers','SG',196.00,220,'26-Jun-90',5,'US',9000000);
INSERT INTO Player
VALUES('006','Tristan Thompson','Cavaliers','C',206.00,238,'13-Mar-91',5,'Canada',14260870);
INSERT INTO Player
VALUES('007','LeBron James','Cavaliers','SF',203.00,250,'30-Dec-84',13,'US',22971000);
INSERT INTO Player
VALUES('008','C.J. Miles','Pacers','SF',198.0,225,'18-Apr-87',11,'US',4394225);
INSERT INTO Player
VALUES('009','Paul George','Pacers','SF',206.00,220,'2-May-90',6,'US',17120106);
INSERT INTO Player
VALUES('010','Jeff Teague','Hawks','PG',188.00,186,'10-Jun-88',7,'US',8000000);
INSERT INTO Player
VALUES('011','Myles Turner','Pacers','C',211.00,243,'24-Mar-96',1,'US',2357760);
INSERT INTO Player
VALUES('012','Monta Ellis','Pacers','SG',190.00,185,'26-Oct-85',11,'US',10300000);
INSERT INTO Player
VALUES('013','Rodney Stuckey','Pacers','PG',196.00,210,'21-Apr-86',9,'US',6500000);
INSERT INTO Player
VALUES('014','Al Jefferson','Hornets','C',208.00,289,'4-Jan-85',12,'US',13833333);
INSERT INTO Player
VALUES('015','Nikola Mirotic','Bulls','PF',208.00,220,'11-Feb-91',2,'Spanish',5543725);
INSERT INTO Player
VALUES('016','Jimmy Butler','Bulls','SF',201.00,220,'14-Sep-89',5,'US',15260000);
INSERT INTO Player
VALUES('017','Robin Lopez','Knicks','C',213.00,255,'1-Apr-88',8,'US',13000000);
INSERT INTO Player
VALUES('018','Rajon Rondo','Kings','PG',185.00,186,'22-Feb-86',10,'US',9500000);
INSERT INTO Player
VALUES('019','Dwyane Wade','Heat','SG',193.00,220,'17-Jan-82',13,'US',20000000);
INSERT INTO Player
VALUES('020','Tony Parker','Spurs','PG',188.00,185,'17-May-82',15,'France',13437500);
INSERT INTO Player
VALUES('021','Patty Mills','Spurs','PG',183.00,185,'11-Aug-88',7,'Australia',3578947);
INSERT INTO Player
VALUES('022','Kyle Anderson','Spurs','SG',206.00,230,'20-Sep-93',2,'US',1142879);
INSERT INTO Player
VALUES('023','Kawhi Leonard','Spurs','SF',201.00,230,'29-Jun-91',5,'US',16500000);
INSERT INTO Player
VALUES('024','LaMarcus Aldridge','Spurs','PF',211.00,260,'19-Jul-85',10,'US',19500000);
INSERT INTO Player
VALUES('025','Pau Gasol','Bulls','C',213.00,250,'6-Jul-80',15,'Spanish',7448760);
INSERT INTO Player
VALUES('026','Manu Ginobili','Spurs','SG',198.00,205,'28-Jul-77',14,'Argentina',2814000);
INSERT INTO Player
VALUES('027','Reggie Jackson','Pistons','PG',190.00,208,'16-Apr-90',5,'US',14000000);
INSERT INTO Player
VALUES('028','Andre Drummond','Pistons','C',211.00,279,'10-Aug-93',4,'US',3272091);
INSERT INTO Player
VALUES('029','Boban Marjanovic','Suprs','C',221.00,290,'15-Aug-88',1,'Serbia',1200000);
INSERT INTO Player
VALUES('030','Tony Snell','Bulls','SG',201.00,200,'10-Nov-91',3,'US',1535880);
INSERT INTO Player
VALUES('031','Giannis Antetokounmpo','Bucks','PG',211.00,222,'6-Dec-94',3,'Greece',1953960);
INSERT INTO Player
VALUES('032','Matthew Dellavedova','Cavaliers','PG',193.00,198,'8-Sep-90',3,'Australia',1147280);
INSERT INTO Player
VALUES('033','Kelly Olynyk','Celtics','C',213.00,238,'19-Apr-91',3,'Canada',2165160);
INSERT INTO Player
VALUES('034','Isaiah Thomas','Celtics','PG',175.00,185,'7-Feb-89',5,'US',6912869);
INSERT INTO Player
VALUES('035','Al Horford','Hawks','C',208.00,245,'3-Jun-86',9,'Dominican',12000000);
INSERT INTO Player
VALUES('036','Kyle Lowry','Raptors','PG',183.00,196,'25-Mar-86',10,'US',12000000);
INSERT INTO Player
VALUES('037','DeMar DeRozan','Raptors','SG',201.00,221,'7-Aug-89',7,'US',9500000);
INSERT INTO Player
VALUES('038','Derrick Rose','Knicks','PG',190.00,190,'4-Oct-88',7,'US',20093063);
INSERT INTO Player
VALUES('039','Carmelo Anthony','Knicks','SF',203.00,240,'29-May-84',13,'US',22875000);
INSERT INTO Player
VALUES('040','Joakim Noah','Bulls','C',211.00,230,'25-Feb-85',9,'US',13400000);
INSERT INTO Player
VALUES('041','Tiago Splitter','Hawks','F-C',211.00,245,'1-Jan-85',6,'Brazil',8500000);
INSERT INTO Player
VALUES('042','Jahlil Okafor','76ers','C',211.00,275,'15-Dec-95',1,'US',4582680);
INSERT INTO Player
VALUES('043','Brook Lopez','Nets','C',213.00,275,'1-Apr-88',8,'US',20000000);
INSERT INTO Player
VALUES('044','Jeremy Lin','Hornets','PG',190.00,200,'23-Aug-88',6,'US',2100000);
INSERT INTO Player
VALUES('045','Marcin Gortat','Wizards','C',211.00,240,'17-Feb-84',9,'Poland',11217391);
INSERT INTO Player
VALUES('046','John Wall','Wizards','PG',193.00,195,'6-Sep-90',6,'US',15851950);
INSERT INTO Player
VALUES('047','Tim Hardaway','Hawks','SG',198.00,205,'16-Mar-92',3,'US',1304520);
INSERT INTO Player
VALUES('048','Paul Millsap','Hawks','PF',203.00,246,'10-Feb-85',10,'US',19000000);
INSERT INTO Player
VALUES('049','Dwight Howard','Rockets','C',211.00,265,'8-Dec-85',12,'US',22359364);
INSERT INTO Player
VALUES('050','Goran Dragic','Heats','PG',190.00,190,'6-May-86',8,'Solvenia',14780000);
INSERT INTO Player
VALUES('051','Hassan Whiteside','Heats','C',213.00,265,'13-Jun-89',4,'US',981348);
INSERT INTO Player
VALUES('052','Dion Waiters','Thunder','SG',193.00,225,'10-Dec-91','4','US',5138430);
INSERT INTO Player
VALUES('053','Kemba Walker','Hornets','PG',185.00,172,'8-May-90',5,'US',12000000);
INSERT INTO Player
VALUES('054','Marco Belinelli','Kings','SG',196.00,210,'25-Mar-86',9,'Italy',6333333);
INSERT INTO Player
VALUES('055','Nicolas Batum','Hornets','SG',203.00,200,'14-Dec-88',8,'France',12235750);
INSERT INTO Player
VALUES('056','Marvin Williams','Hornets','PF',206.00,237,'19-Jun-86',11,'US',7000000);
INSERT INTO Player
VALUES('057','C.J. Watson','Magic','PG',188.00,175,'17-Apr-84',9,'US',5000000);
INSERT INTO Player
VALUES('058','Boris Diaw','Jazz','PF',203.00,250,'16-Apr-82',13,'France',7000000);
INSERT INTO Player
VALUES('059','Gordon Hayward','Jazz','SF',203.00,226,'23-Mar-90',6,'US',15409570);
INSERT INTO Player
VALUES('060','Joe Ingles','Jazz','SF',203.00,226,'2-Oct-87',2,'Australia',2250000);
INSERT INTO Player
VALUES('061','Russell Westbrook','Thunder','PG',190.00,200,'12-Nov-88',8,'US',16744218);
INSERT INTO Player
VALUES('062','Steven Adams','Thunder','C',213.00,255,'20-Jul-93',3,'New Zealand',2279040);
INSERT INTO Player
VALUES('063','Victor Oladipo','Magic','SG',193.00,210,'4-May-92',3,'US',5192520);
INSERT INTO Player
VALUES('064','Enes Kanter','Thunder','C',211.00,245,'20-May-92',5,'Turkey',16400000);
INSERT INTO Player
VALUES('065','Danilo Gallinari','Nuggets','SF',208.00,225,'8-Aug-88',7,'Italy',14000000);
INSERT INTO Player
VALUES('066','Roy Hibbert','Lakers','C',218.00,270,'11-Dec-86',8,'US',15500000);
INSERT INTO Player
VALUES('067','Damian Lillard','Trail Blazers','PG',190.00,195,'15-Jul-90',4,'US',4236287);
INSERT INTO Player
VALUES('068','C.J. McCollum','Trail Blazers','SG',193.00,200,'19-Sep-91',3,'US',2525160);
INSERT INTO Player
VALUES('069','Ricky Rubio','Timerwolves','PG',193.00,194,'21-Oct-90',5,'Spansih',12365000);
INSERT INTO Player
VALUES('070','Zach LaVine','Timerwolves','SG',196.00,189,'10-Mar-95',2,'US',2148360);
INSERT INTO Player
VALUES('071','Karl-Anthony Towns','Timerwolves','C',213.00,244,'15-Nov-95',1,'US',5703600);
INSERT INTO Player
VALUES('072','Cole Aldrich','Timerwolves','C',211.00,250,'31-Oct-88',6,'US',1100600);
INSERT INTO Player
VALUES('073','James Harden','Rockets','PG',196.00,220,'26-Aug-89',7,'US',15756438);
INSERT INTO Player
VALUES('074','Trevor Ariza','Rockets','SF',203.00,215,'30-Jun-85',12,'US',8193030);
INSERT INTO Player
VALUES('075','Clint Capela','Rockets','C',208.00,240,'18-May-94',2,'Switzerland',1242720);
INSERT INTO Player
VALUES('076','Ryan Anderson','Pelicans','PF',208.00,240,'6-May-88',8,'US',8500000);
INSERT INTO Player
VALUES('077','Eric Gordon','Pelicans','SG',193.00,215,'25-Dec-88',8,'US',15514031);
INSERT INTO Player
VALUES('078','Nene','Rockets','C',211.00,250,'13-Sep-82',14,'Brazil',13000000);
INSERT INTO Player
VALUES('079','Vince Carter','Grizzlies','SG',198.00,220,'26-Jan-77',18,'US',4088091);
INSERT INTO Player
VALUES('080','Zach Randolph','Grizzlies','PF',206.00,260,'16-Jul-81',15,'US',9638555);
INSERT INTO Player
VALUES('081','Marc Gasol','Grizzlies','C',216.00,255,'29-Jan-85',8,'Spanish',19700000);
INSERT INTO Player
VALUES('082','Mike Conley','Grizzlies','PG',185.00,175,'11-Oct-87',9,'US',9588426);
INSERT INTO Player
VALUES('083','Anthony Davis','Pelicans','C',208.00,253,'11-Mar-93',4,'US',7070730);
INSERT INTO Player
VALUES('084','Jrue Holiday','Pelicans','PG',193.00,205,'12-Jun-90',7,'US',10595507);
INSERT INTO Player
VALUES('085','DeMarcus Cousins','Kings','C-F',211.00,270,'13-Aug-90',6,'US',14728844);


-- Insert value into Game
INSERT INTO Game
VALUES('2016-04-17', '2016-06-16', 'Playoffs');
INSERT INTO Game
VALUES('2015-10-28', '2016-04-13', 'Regular');

-- Insert value into Play_Game
INSERT INTO Play_Game
VALUES('001','Kyrie Irving','Regular',53,53,31.5,7.4,0.448,1.6,0.321,3.2,0.885,3,4.7,1.1,0.3,2.3,2,19);
INSERT INTO Play_Game
VALUES('002','Channing Frye','Regular',26,3,17.2,2.7,0.441,1.7,0.377,0.4,0.786,3.6,1,0.3,0.3,0.5,2.2,7);
INSERT INTO Play_Game
VALUES('003','Kyle Korver','Regular',80,80,30,3.4,0.435,2,0.398,0.6,0.833,3.3,2.1,0.8,0.4,1.2,2,9.2);
INSERT INTO Play_Game
VALUES('004','Kevin Love','Regular',77,77,31.5,5.3,0.419,2.1,0.36,3.4,0.822,9.9,2.4,0.8,0.5,1.8,2.1,16);
INSERT INTO Play_Game
VALUES('005','Iman Shumpert','Regular',54,5,24.4,2.1,0.374,0.8,0.295,0.7,0.784,3.8,1.7,1,0.4,1.1,2.2,5);
INSERT INTO Play_Game
VALUES('006','Tristan Thompson','Regular',82,34,27.7,3,0.588,0,0,1.8,0.616,9,0.8,0.5,0.6,0.7,2.5,7.8);
INSERT INTO Play_Game
VALUES('007','LeBron James','Regular',76,76,35.6,9.7,0.52,1.1,0.309,4.7,0.731,7.4,6.8,1.4,0.6,3.3,1.9,25.3);
INSERT INTO Play_Game
VALUES('008','C.J. Miles','Regular',64,24,22.9,4,0.409,2.2,0.367,1.5,0.75,2.7,1,0.8,0.5,1.1,2.2,11.8);
INSERT INTO Play_Game
VALUES('009','Paul George','Regular',81,81,34.8,7.5,0.418,2.6,0.371,5.6,0.86,7,4.1,1.9,0.4,3.3, 2.8, 23.1);
INSERT INTO Play_Game
VALUES('010','Jeff Teague','Regular',79,78,28.5,5.5,0.439,1.4,0.4,3.3,0.837,2.7,5.9,1.2,0.3,2.8,2.1,15.7);
INSERT INTO Play_Game
VALUES('011','Myles Turner','Regular',60,30,22.8,4.4,0.498,0.1,0.214,1.5,0.727,5.5,0.7,0.4,1.4,1.1,2.6,10.3);
INSERT INTO Play_Game
VALUES('012','Monta Ellis','Regular',81,81,33.8,5.4,0.427,1.1,0.309,2,0.786,3.3,4.7,1.9,0.5,2.5,2.1,13.8);
INSERT INTO Play_Game
VALUES('013','Rodney Stuckey','Regular',58,1,22,3.2,0.413,0.3,0.241,2.3,0.829,2.7,2.4,0.7,0.1,1.3,1.3,8.9);
INSERT INTO Play_Game
VALUES('014','Al Jefferson','Regular',47,18,23.3,5.2,0.485,0,0,1.5,0.649,6.4,1.5,0.6,0.9,0.7,2.5,12);
INSERT INTO Play_Game
VALUES('015','Nikola Mirotic','Regular',66,38,24.9,3.8,0.407,2,0.39,2.2,0.807,5.5,1.5,0.9,0.7,1.5,2.3,11.8);
INSERT INTO Play_Game
VALUES('016','Jimmy Butler','Regular',67,67,36.9,7,0.454,1,0.312,5.9,0.832,5.3,4.8,1.6,0.6,2,1.9,20.9);
INSERT INTO Play_Game
VALUES('017','Robin Lopez','Regular',82,82,27.1,4.4,0.539,0,0,1.6,0.795,7.3,1.4,0.2,1.6,1.6,2.2,10.3);
INSERT INTO Play_Game
VALUES('018','Rajon Rondo','Regular',72,72,35.2,4.9,0.454,0.9,0.365,1.2,0.58,6,11.7,2,0.1,3.9,2.4,11.9);
INSERT INTO Play_Game
VALUES('019','Dwyane Wade','Regular',74,73,30.5,7.3,0.456,0.1,0.159,4.4,0.793,4.1,4.6,1.1,0.6,2.7,1.6,19);
INSERT INTO Play_Game
VALUES('020','Tony Parker','Regular',72,72,27.5,4.9,0.493,0.4,0.415,1.8,0.76,2.4,5.3,0.8,0.2,1.8,1.6,11.9);
INSERT INTO Play_Game
VALUES('021','Patty Mills','Regular',81,3,20.5,3.2,0.425,1.5,0.384,0.6,0.81,2,2.8,0.7,0.1,0.9,1.3,8.5);
INSERT INTO Play_Game
VALUES('022','Kyle Anderson','Regular',78,11,16,1.8,0.468,0.2,0.324,0.8,0.747,3.1,1.6,0.8,0.4,0.8,1.2,4.5);
INSERT INTO Play_Game
VALUES('023','Kawhi Leonard','Regular',72,72,33.1,7.7,0.506,1.8,0.443,4.1,0.874,6.8,2.6,1.8,1,1.5,1.8,21.2);
INSERT INTO Play_Game
VALUES('024','LaMarcus Aldridge','Regular',74,74,30.6,7.2,0.513,0,0,3.5,0.858,8.5,1.5,0.5,1.1,1.3,2,18);
INSERT INTO Play_Game
VALUES('025','Pau Gasol','Regular',72,72,31.8,6.5,0.469,0.3,0.348,3.2,0.792,11,4.1,0.6,2,2.3,2.1,16.5);
INSERT INTO Play_Game
VALUES('026','Manu Ginobili','Regular',58,0,19.6,3.4,0.453,1.2,0.391,1.6,0.813,2.5,3.1,1.1,0.2,1.7,1.7,9.6);
INSERT INTO Play_Game
VALUES('027','Reggie Jackson','Regular',79,79,30.7,6.8,0.434,1.5,0.353,3.7,0.864,3.2,6.2,0.7,0.1,2.8,2.4,18.8);
INSERT INTO Play_Game
VALUES('028','Andre Drummond','Regular',81,81,32.9,6.8,0.521,0,0.333,2.6,0.355,14.8,0.8,1.5,1.4,1.9,3,16.2);
INSERT INTO Play_Game
VALUES('029','Boban Marjanovic','Regular',54,4,9.4,1.9,0.603,0,0,1.6,0.763,3.6,0.4,0.2,0.4,0.5,1,5);
INSERT INTO Play_Game
VALUES('030','Tony Snell','Regular',64,33,20.3,2,0.372,0.9,0.361,0.5,0.909,3.1,1,0.3,0.3,0.8,1.6,5.3);
INSERT INTO Play_Game
VALUES('031','Giannis Antetokounmpo','Regular',80,79,35.3,6.4,0.506,0.4,0.257,3.7,0.724,7.7,4.3,1.2,1.4,2.6,3.2,16.9);
INSERT INTO Play_Game
VALUES('032','Matthew Dellavedova','Regular',76,14,24.6,2.7,0.405,1.3,0.41,0.8,0.864,2.1,4.4,0.6,0.1,1.5,2.3,7.5);
INSERT INTO Play_Game
VALUES('033','Kelly Olynyk','Regular',69,8,20.2,3.7,0.455,1.2,0.405,1.4,0.75,4.1,1.5,0.8,0.5,1.1,2.4,10);
INSERT INTO Play_Game
VALUES('034','Isaiah Thomas','Regular',82,79,32.2,7.2,0.428,2,0.359,5.8,0.871,3,6.2,1.1,0.1,2.7,2,22.2);
INSERT INTO Play_Game
VALUES('035','Al Horford','Regular',82,82,32.1,6.5,0.505,1.1,0.344,1.3,0.798,7.3,3.2,0.8,1.5,1.3,2,15.2);
INSERT INTO Play_Game
VALUES('036','Kyle Lowry','Regular',77,77,37,6.6,0.427,2.8,0.388,5.2,0.811,4.7,6.4,2.1,0.4,2.9,2.7,21.2);
INSERT INTO Play_Game
VALUES('037','DeMar DeRozan','Regular',78,78,35.9,7.9,0.446,0.6,0.338,7.1,0.85,4.5,4,1,0.3,2.2,2.1,23.5);
INSERT INTO Play_Game
VALUES('038','Derrick Rose','Regular',66,66,31.8,6.8,0.427,0.7,0.293,2.2,0.793,3.4,4.7,0.7,0.2,2.7,1.3,16.4);
INSERT INTO Play_Game
VALUES('039','Carmelo Anthony','Regular',72,72,35.1,7.9,0.434,1.5,0.339,4.6,0.829,7.7,4.2,0.9,0.5,2.4,2.5,21.8);
INSERT INTO Play_Game
VALUES('040','Joakim Noah','Regular',29,2,21.9,1.8,0.383,0,0,0.8,0.489,8.8,3.8,0.6,1,1.8,2.7,4.3);
INSERT INTO Play_Game
VALUES('041','Tiago Splitter','Regular',36,2,16.1,2.3,0.523,0,0,1.1,0.813,3.3,0.8,0.6,0.3,0.7,2,5.6);
INSERT INTO Play_Game
VALUES('042','Jahlil Okafor','Regular',53,48,30,7.5,0.508,0,0,2.5,0.686,7,1.2,0.4,1.2,2.3,2.6,17.5);
INSERT INTO Play_Game
VALUES('043','Brook Lopez','Regular',73,73,33.7,8.1,0.511,0,0.143,4.3,0.787,7.8,2,0.8,1.7,2.4,2.9,20.6);
INSERT INTO Play_Game
VALUES('044','Jeremy Lin','Regular',78,13,26.3,3.8,0.412,1,0.336,3.1,0.815,3.2,3,0.7,0.5,1.9,2.1,11.7);
INSERT INTO Play_Game
VALUES('045','Marcin Gortat','Regular',75,74,30.1,5.8,0.567,0,0,1.9,0.705,9.9,1.4,0.6,1.3,1.6,2.6,13.5);
INSERT INTO Play_Game
VALUES('046','John Wall','Regular',77,77,36.2,7.4,0.424,1.5,0.351,3.5,0.791,4.9,10.2,1.9,0.8,4.1,2.1,19.9);
INSERT INTO Play_Game
VALUES('047','Tim Hardaway','Regular',51,1,16.9,2.2,0.43,0.9,0.338,1,0.893,1.7,1,0.4,0.1,0.5,0.9,6.4);
INSERT INTO Play_Game
VALUES('048','Paul Millsap','Regular',81,81,32.7,6.2,0.47,0.9,0.319,3.8,0.757,9,3.3,1.8,1.7,2.4,2.9,17.1);
INSERT INTO Play_Game
VALUES('049','Dwight Howard','Regular',71,71,32.1,5.2,0.62,0,0,3.3,0.489,11.8,1.4,1,1.6,2.3,3.1,13.7);
INSERT INTO Play_Game
VALUES('050','Goran Dragic','Regular',72,72,32.8,5.8,0.477,0.9,0.312,1.7,0.727,3.8,5.8,1,0.2,2.6,2.6,14.1);
INSERT INTO Play_Game
VALUES('051','Hassan Whiteside','Regular',73,43,29.1,5.7,0.606,0,,2.9,0.65,11.8,0.4,0.6,3.7,1.9,2.8,14.2);
INSERT INTO Play_Game
VALUES('052','Dion Waiters','Regular',78,15,27.6,3.6,0.399,1.1,0.358,1.4,0.713,2.6,2,1,0.2,1.5,1.8,9.8);
INSERT INTO Play_Game
VALUES('053','Kemba Walker','Regular',81,81,35.6,7,0.427,2.2,0.371,4.6,0.847,4.4,5.2,1.6,0.5,2.1,1.4,20.9);
INSERT INTO Play_Game
VALUES('054','Marco Belinelli','Regular',68,7,24.6,3.6,0.386,1.3,0.306,1.7,0.833,1.7,1.9,0.5,0,1.2,1.3,10.2);
INSERT INTO Play_Game
VALUES('055','Nicolas Batum','Regular',70,70,35,5.3,0.426,2,0.348,2.3,0.849,6.1,5.8,0.9,0.6,2.9,1.6,14.9);
INSERT INTO Play_Game
VALUES('056','Marvin Williams','Regular',81,81,28.9,4.2,0.452,1.9,0.402,1.5,0.833,6.4,1.4,0.7,1,0.8,1.6,11.7);
INSERT INTO Play_Game
VALUES('057','C.J. Watson','Regular',33,2,19.9,1.4,0.343,0.4,0.292,1,0.872,2,2.7,0.6,0.2,0.8,1.5,4.3);
INSERT INTO Play_Game
VALUES('058','Boris Diaw','Regular',76,4,18.2,2.7,0.527,0.3,0.362,0.7,0.737,3.1,2.3,0.3,0.3,1.3,1.3,6.4);
INSERT INTO Play_Game
VALUES('059','Gordon Hayward','Regular',80,80,36.2,6.5,0.433,1.8,0.349,4.9,0.824,5,3.7,1.2,0.3,2.5,2.3,19.7);
INSERT INTO Play_Game
VALUES('060','Joe Ingles','Regular',81,2,15.3,1.5,0.426,1,0.386,0.2,0.722,1.9,1.2,0.7,0,0.8,1.2,4.2);
INSERT INTO Play_Game
VALUES('061','Russell Westbrook','Regular',80,80,34.4,8.2,0.454,1.3,0.296,5.8,0.812,7.8,10.4,2,0.3,4.3,2.5,23);
INSERT INTO Play_Game
VALUES('062','Steven Adams','Regular',80,80,25.2,3.3,0.613,0,0,1.4,0.582,6.7,0.8,0.5,1.1,1.1,2.8,8);
INSERT INTO Play_Game
VALUES('063','Victor Oladipo','Regular',72,52,33,5.9,0.438,1.4,0.348,2.8,0.83,4.8,3.9,1.6,0.8,2.1,2.4,16);
INSERT INTO Play_Game
VALUES('064','Enes Kanter','Regular',82,1,21,5,0.576,0.1,0.476,2.4,0.797,8.1,0.4,0.3,0.4,1.4,2,12.7);
INSERT INTO Play_Game
VALUES('065','Danilo Gallinari','Regular',53,53,34.7,5.4,0.41,1.6,0.364,7.1,0.868,5.3,2.5,0.8,0.4,1.5,1.6,19.5);


-- Insert value into Team_Game
INSERT INTO Team_Game
VALUES('Cavaliers', 'Regular', 57, 104.3, 98.3);
INSERT INTO Team_Game
VALUES('Raptors', 'Regular', 56, 102.7, 98.2);
INSERT INTO Team_Game
VALUES('Heat', 'Regular', 48, 100.0, 98.4);
INSERT INTO Team_Game
VALUES('Hawks', 'Regular', 48, 102.8, 99.2);
INSERT INTO Team_Game
VALUES('Celtics', 'Regular', 48, 105.7, 102.5);
INSERT INTO Team_Game
VALUES('Hornets', 'Regular', 48, 103.4, 100.7);
INSERT INTO Team_Game
VALUES('Pacers', 'Regular', 45, 102.2, 100.5);
INSERT INTO Team_Game
VALUES('Pistons', 'Regular', 44, 102.0, 101.4);
INSERT INTO Team_Game
VALUES('Bulls', 'Regular', 42, 101.6, 103.1);
INSERT INTO Team_Game
VALUES('Wizards', 'Regular', 41, 104.1, 104.6);
INSERT INTO Team_Game
VALUES('Magic', 'Regular', 35, 102.1, 103.7);
INSERT INTO Team_Game
VALUES('Bucks', 'Regular', 33, 99.0, 103.2);
INSERT INTO Team_Game
VALUES('Knicks', 'Regular', 32, 98.4, 101.1);
INSERT INTO Team_Game
VALUES('Nets', 'Regular', 21, 98.6, 106.0);
INSERT INTO Team_Game
VALUES('76ers', 'Regular', 10, 97.4, 107.6);
INSERT INTO Team_Game
VALUES('Warriors', 'Regular', 73, 114.9, 104.1);
INSERT INTO Team_Game
VALUES('Spurs', 'Regular', 67, 103.5, 92.9);
INSERT INTO Team_Game
VALUES('Thunder', 'Regular', 55, 110.2, 102.9);
INSERT INTO Team_Game
VALUES('Clippers', 'Regular', 53, 104.5, 100.2);
INSERT INTO Team_Game
VALUES('Trail Blazers', 'Regular', 44, 105.1, 104.3);
INSERT INTO Team_Game
VALUES('Mavericks', 'Regular', 42, 102.3, 102.6);
INSERT INTO Team_Game
VALUES('Grizzlies', 'Regular', 41, 99.1, 101.3);
INSERT INTO Team_Game
VALUES('Rockets', 'Regular', 41, 106.5, 106.4);
INSERT INTO Team_Game
VALUES('Jazz', 'Regular', 40, 97.7, 95.9);
INSERT INTO Team_Game
VALUES('Kings', 'Regular', 33, 106.6, 109.1);
INSERT INTO Team_Game
VALUES('Nuggets', 'Regular', 33, 101.9, 105.0);
INSERT INTO Team_Game
VALUES('Pelicans', 'Regular', 30, 102.7, 106.5);
INSERT INTO Team_Game
VALUES('Timberwolves', 'Regular', 29, 102.4, 106.0);
INSERT INTO Team_Game
VALUES('Suns', 'Regular', 23, 100.9, 107.5);
INSERT INTO Team_Game
VALUES('Lakers', 'Regular', 17, 97.3, 106.9);

-- Insert value into Team_Division
INSERT INTO Team_Division
VALUES('Hawks', 'Southeast');
INSERT INTO Team_Division
VALUES('Raptors', 'Atlantic');
INSERT INTO Team_Division
VALUES('Heat', 'Southeast');
INSERT INTO Team_Division
VALUES('Cavaliers', 'Central');
INSERT INTO Team_Division
VALUES('Celtics', 'Atlantic');
INSERT INTO Team_Division
VALUES('Hornets', 'Southeast');
INSERT INTO Team_Division
VALUES('Pacers', 'Central');
INSERT INTO Team_Division
VALUES('Pistons', 'Central');
INSERT INTO Team_Division
VALUES('Bulls', 'Central');
INSERT INTO Team_Division
VALUES('Wizards', 'Atlantic');
INSERT INTO Team_Division
VALUES('Magic', 'Southeast');
INSERT INTO Team_Division
VALUES('Bucks', 'Central');
INSERT INTO Team_Division
VALUES('Knicks', 'Atlantic');
INSERT INTO Team_Division
VALUES('Nets', 'Atlantic');
INSERT INTO Team_Division
VALUES('76ers', 'Atlantic');
INSERT INTO Team_Division
VALUES('Warriors', 'Pacific');
INSERT INTO Team_Division
VALUES('Spurs', 'Southwest');
INSERT INTO Team_Division
VALUES('Thunder', 'Southwest');
INSERT INTO Team_Division
VALUES('Clippers', 'Pacific');
INSERT INTO Team_Division
VALUES('Trail Blazers', 'Northwest');
INSERT INTO Team_Division
VALUES('Mavericks', 'Southwest');
INSERT INTO Team_Division
VALUES('Grizzlies', 'Southwest');
INSERT INTO Team_Division
VALUES('Rockets', 'Southwest');
INSERT INTO Team_Division
VALUES('Jazz', 'Northwest');
INSERT INTO Team_Division
VALUES('Kings', 'Pacific');
INSERT INTO Team_Division
VALUES('Nuggets', 'Northwest');
INSERT INTO Team_Division
VALUES('Pelicans', 'Southwest');
INSERT INTO Team_Division
VALUES('Timberwolves', 'Northwest');
INSERT INTO Team_Division
VALUES('Suns', 'Pacific');
INSERT INTO Team_Division
VALUES('Lakers','Pacific');